{
  "utils/HelperFunction.js": 1738222293794,
  "controller/DealerInvMapping.controller.js": 1738303454175,
  "model/models.js": 1738057758000,
  "controller/RetailerRegistor.controller.js": 1738148877878,
  "controller/RetailerListing.controller.js": 1738149995831,
  "controller/Home.controller.js": 1738148877902,
  "i18n/i18n.properties": 1738318663236,
  "controller/DealerDashboard.controller.js": 1738151738625,
  "controller/App.controller.js": 1738148877910,
  "manifest.json": 1738319132845,
  "Component.js": 1738140398000,
  "controller/RetailerRegistor-dbg.controller.js": 1738148877878,
  "controller/RetailerRegistor.controller.js.map": 1738319132961,
  "model/models-dbg.js": 1738057758000,
  "model/models.js.map": 1738319132953,
  "controller/DealerInvMapping-dbg.controller.js": 1738303454175,
  "controller/DealerInvMapping.controller.js.map": 1738319133018,
  "controller/RetailerListing-dbg.controller.js": 1738149995831,
  "controller/RetailerListing.controller.js.map": 1738319132961,
  "controller/Home-dbg.controller.js": 1738148877902,
  "controller/Home.controller.js.map": 1738319132960,
  "utils/HelperFunction-dbg.js": 1738222293794,
  "utils/HelperFunction.js.map": 1738319132975,
  "controller/DealerDashboard-dbg.controller.js": 1738151738625,
  "controller/DealerDashboard.controller.js.map": 1738319133020,
  "controller/App-dbg.controller.js": 1738148877910,
  "controller/App.controller.js.map": 1738319132964,
  "Component-dbg.js": 1738140398000,
  "Component.js.map": 1738319132967,
  "Component-preload.js": 1738319133123,
  "Component-preload.js.map": 1738319133123,
  "view/RetailerRegistor.view.xml": 1738148937182,
  "view/RetailerListing.view.xml": 1738148937182,
  "view/Home.view.xml": 1738148937182,
  "view/DealerInvMapping.view.xml": 1738299717482,
  "view/DealerDashboard.view.xml": 1738151467765,
  "view/App.view.xml": 1738148937182,
  "fragments/retailerValueHelp.fragment.xml": 1738154775904,
  "fragments/ocRetailerValueHelp.fragment.xml": 1738154758864,
  "fragments/icRetailerValueHelp.fragment.xml": 1738154767864,
  "fragments/dealer.fragment.xml": 1738141206000,
  "fragments/boxValueHelp.fragment.xml": 1738217127813,
  "css/style.css": 1738151356257,
  "index.html": 1738140264000
}